UserId,P of Cluster_0,P of Cluster_1,P of Cluster_2,Label
-1,0.40871357917785645,0.11258573085069656,0.4787006676197052
127.0,0.4101078,0.115155,0.4747372,2
128.0,0.40548542,0.105728924,0.48878568,2
129.0,0.4173529,0.10516152,0.4774856,2
130.0,0.35832244,0.12980844,0.5118691,2
131.0,0.47676,0.114427626,0.40881237,0
141.0,0.3842531,0.10523288,0.510514,2
